,molecule_chembl_id,canonical_smiles,class,MW,LogP,NumHDonors,NumHAcceptors,pIC50
0,CHEMBL3632807,CC1(C)CCC2=C(O1)c1ccc([N+](=O)[O-])cc1C(=O)C2=O,active,287.2710000000001,2.660300000000001,0.0,5.0,6.3979400086720375
1,CHEMBL3632806,CC1(C)CCC2=C(O1)c1ccc(C#N)cc1C(=O)C2=O,intermediate,267.284,2.623780000000001,0.0,4.0,5.795880017344075
2,CHEMBL3632805,CC1(C)CCC2=C(O1)c1ccc(Br)cc1C(=O)C2=O,intermediate,321.17000000000013,3.5146000000000024,0.0,3.0,5.036212172654444
3,CHEMBL3632804,CC1(C)CCC2=C(O1)c1ccc(F)cc1C(=O)C2=O,intermediate,260.264,2.8912000000000013,0.0,3.0,5.823908740944319
4,CHEMBL3183233,COCCOc1nc(-c2ccc(Cl)c(Cl)c2)n(-c2ccc(NC(=O)CCl)cc2)n1,intermediate,455.7290000000002,4.4436000000000035,1.0,6.0,5.481486060122113
5,CHEMBL15192,CC1(C)CCC2=C(O1)c1ccccc1C(=O)C2=O,intermediate,242.274,2.7521000000000013,0.0,3.0,5.920818753952375
6,CHEMBL3632803,COc1cc2c(cc1OC)C(=O)C1=C(CCC(C)(C)O1)C2=O,inactive,302.32599999999996,2.9259000000000013,0.0,5.0,5.0
7,CHEMBL3632802,CC(C)=CCC1=C(O)C(=O)c2cc(Br)ccc2C1=O,inactive,321.1700000000001,3.996500000000003,1.0,3.0,5.0
8,CHEMBL3632801,CC(C)=CCC1=C(O)C(=O)c2cc(F)ccc2C1=O,inactive,260.264,3.3731000000000018,1.0,3.0,5.0
9,CHEMBL3632800,O=C(CNC1=CC(=O)C(=O)c2ccccc21)NCCc1ccccc1,intermediate,334.37500000000006,1.7413999999999998,2.0,4.0,5.508638306165727
10,CHEMBL3632799,O=C1C=C(NCC(=O)N2CCCC2)c2ccccc2C1=O,intermediate,284.31500000000005,1.0048999999999992,1.0,4.0,5.3872161432802645
11,CHEMBL3635003,CNC(=O)CNC1=CC(=O)C(=O)c2ccccc21,intermediate,244.25,0.12849999999999945,2.0,4.0,5.522878745280337
12,CHEMBL3635002,O=C1C=C(NC2CCN(Cc3ccccc3)CC2)c2ccccc2C1=O,intermediate,346.43000000000006,3.0471000000000013,1.0,4.0,5.267606240177032
13,CHEMBL3635001,O=C1C=C(NC2CCN(Cc3ccccc3)C2)c2ccccc2C1=O,intermediate,332.4030000000001,2.657000000000001,1.0,4.0,5.823908740944319
14,CHEMBL1966084,O=C1C=C(NCCc2ccccc2)c2ccccc2C1=O,inactive,277.3230000000001,2.6252000000000013,1.0,3.0,4.0
15,CHEMBL3635000,CC(C)(C)OC(=O)NCCNC1=CC(=O)C(=O)c2ccccc21,inactive,316.35699999999997,1.9071999999999996,2.0,5.0,4.826813731587726
16,CHEMBL3634999,O=C1C=C(NCCCN2CCCC2=O)c2ccccc2C1=O,inactive,298.34200000000004,1.3949999999999994,1.0,4.0,4.841637507904751
17,CHEMBL3634998,O=C1C=C(NCCCN2CCCC2)c2ccccc2C1=O,inactive,284.35900000000004,1.8683999999999998,1.0,4.0,4.924453038607469
18,CHEMBL3634997,O=C1C=C(NCCN2CCOCC2)c2ccccc2C1=O,inactive,286.3310000000001,0.7146999999999999,1.0,5.0,4.6595558851598815
19,CHEMBL3634996,COCCNC1=CC(=O)C(=O)c2ccccc21,intermediate,231.25099999999998,1.0289,1.0,4.0,5.107905397309519
20,CHEMBL3634995,CN(C)CCNC1=CC(=O)C(=O)c2ccccc21,intermediate,244.29399999999998,0.9440999999999999,1.0,4.0,5.795880017344075
21,CHEMBL3634994,CC(C)NC1=CC(=O)C(=O)c2ccccc21,inactive,215.25199999999998,1.7909,1.0,3.0,4.690369832574101
22,CHEMBL3634993,CN(C)C1=CC(=O)C(=O)c2ccccc21,intermediate,201.225,1.3545,0.0,3.0,5.6020599913279625
23,CHEMBL2036880,COc1ccc2c(c1)C(=O)C(=O)C1=C2OC(C)(C)CC1,active,272.3,2.760700000000001,0.0,4.0,6.221848749616356
24,CHEMBL177685,COc1cc2c(cc1OC)C1=C(CCC(C)(C)O1)C(=O)C2=O,intermediate,302.326,2.769300000000001,0.0,5.0,5.638272163982407
25,CHEMBL3632808,COc1ccc2c(c1)C1=C(CCC(C)(C)O1)C(=O)C2=O,intermediate,272.29999999999995,2.760700000000001,0.0,4.0,5.036212172654444
26,CHEMBL3632809,CC1(C)CCC2=C(O1)c1cc(O)ccc1C(=O)C2=O,intermediate,258.273,2.457700000000001,1.0,4.0,5.031517051446065
27,CHEMBL3806155,CO[C@@H](C)c1c(NC(=O)Nc2cnc(-n3nccn3)c(C(F)(F)F)c2)cnc2cc(Cl)nn12,active,481.82600000000014,3.728600000000001,2.0,9.0,10.638272163982407
28,CHEMBL3806279,CO[C@@H](C)c1c(NC(=O)Nc2cncc(C(F)(F)F)c2)cnc2cc(C)nn12,active,394.3570000000001,3.802920000000001,2.0,6.0,10.2839966563652
29,CHEMBL3805576,CC(C)c1c(NC(=O)Nc2cnc(N3CCCS3(=O)=O)c(C(F)(F)F)c2)cnc2cc(Cl)nn12,active,517.921,4.103800000000002,2.0,7.0,9.605548319173783
30,CHEMBL3806235,O=C(Nc1cnc(-n2nccn2)c(C(F)(F)F)c1)Nc1cnc2cc(Cl)nn2c1C1CCCO1,active,493.8370000000003,3.872700000000002,2.0,9.0,10.0268721464003
31,CHEMBL3805390,COCC(c1c(NC(=O)Nc2cnc(-n3nccn3)c(Cl)c2)cnc2cc(Cl)nn12)C1CC1,active,488.3390000000003,3.7958000000000016,2.0,9.0,10.55284196865778
32,CHEMBL3806299,CC(C)c1c(NC(=O)Nc2ccc(-n3cc(CN)cn3)c(Cl)c2)cnc2cc(Cl)nn12,active,459.3410000000001,4.4479000000000015,3.0,7.0,9.872895201635192
33,CHEMBL3814162,COCCOc1nc(-c2ccc(F)cc2)n(-c2ccc(NC(=O)CCl)cc2)n1,inactive,404.8290000000001,3.275900000000002,1.0,6.0,5.0
34,CHEMBL3814576,COCCOc1nc(-c2ccc(Cl)cc2)n(-c2ccc(NC(=O)CCl)cc2)n1,intermediate,421.28400000000016,3.7902000000000013,1.0,6.0,5.522878745280337
35,CHEMBL3814060,C=CC(=O)Nc1ccc(-n2nc(OCCOC)nc2-c2ccc(Cl)c(Cl)c2)cc1,inactive,433.2950000000001,4.390800000000003,1.0,6.0,4.468521082957745
36,CHEMBL3815024,COCCOc1nc(-c2ccc3c(c2)OCO3)n(-c2ccc(NC(=O)CCl)cc2)n1,inactive,430.8480000000001,2.865500000000001,1.0,8.0,4.055517327849831
37,CHEMBL3814599,COCCOc1nc(-c2ccc(C)c(C)c2)n(-c2ccc(NC(=O)CCl)cc2)n1,inactive,414.8930000000001,3.7536400000000025,1.0,6.0,4.823908740944319
38,CHEMBL3814883,COCCOc1nc(-c2ccc(OC)c(OC)c2)n(-c2ccc(NC(=O)CCl)cc2)n1,inactive,446.89100000000013,3.1540000000000017,1.0,8.0,4.920818753952375
39,CHEMBL3813977,COCCOc1nc(-c2ccc(F)c(F)c2)n(-c2ccc(NC(=O)CCl)cc2)n1,inactive,422.81900000000013,3.415000000000002,1.0,6.0,4.585026652029182
40,CHEMBL3814955,COCCOc1nc(-c2ccc(-c3ccccc3)cc2)n(-c2ccc(NC(=O)CCl)cc2)n1,inactive,462.9370000000002,4.803800000000004,1.0,6.0,4.657577319177793
41,CHEMBL3814081,COCCOc1nc(-c2cccc(C)c2)n(-c2ccc(NC(=O)CCl)cc2)n1,inactive,400.86600000000016,3.4452200000000017,1.0,6.0,3.555955204081924
42,CHEMBL3813798,COCCOc1nc(-c2ccc(C)cc2)n(-c2ccc(NC(=O)CCl)cc2)n1,intermediate,400.86600000000016,3.4452200000000017,1.0,6.0,5.045757490560675
43,CHEMBL3814547,COCCOc1nc(-c2cccc(C(F)(F)F)c2)n(-c2ccc(NC(=O)CCl)cc2)n1,inactive,454.8360000000002,4.155600000000002,1.0,6.0,4.031517051446065
44,CHEMBL3814394,COCCOc1nc(-c2ccc(C(F)(F)F)cc2)n(-c2ccc(NC(=O)CCl)cc2)n1,inactive,454.8360000000002,4.155600000000002,1.0,6.0,4.657577319177793
45,CHEMBL3814540,COCCOc1nc(-c2cccc(OC)c2)n(-c2ccc(NC(=O)CCl)cc2)n1,inactive,416.8650000000002,3.1454000000000013,1.0,7.0,3.712198270069774
46,CHEMBL3814068,COCCOc1nc(-c2ccc(OC)cc2)n(-c2ccc(NC(=O)CCl)cc2)n1,inactive,416.8650000000002,3.1454000000000013,1.0,7.0,4.346787486224656
47,CHEMBL3813708,COCCOc1nc(-c2cccc(Br)c2)n(-c2ccc(NC(=O)CCl)cc2)n1,inactive,465.7350000000002,3.899300000000002,1.0,6.0,4.769551078621726
48,CHEMBL3813831,COCCOc1nc(-c2ccc(Br)cc2)n(-c2ccc(NC(=O)CCl)cc2)n1,intermediate,465.7350000000002,3.899300000000002,1.0,6.0,5.823908740944319
49,CHEMBL3814299,COCCOc1nc(-c2cccc(F)c2)n(-c2ccc(NC(=O)CCl)cc2)n1,inactive,404.8290000000001,3.275900000000002,1.0,6.0,4.055517327849831
50,CHEMBL3813764,COCCOc1nc(-c2cccc(Cl)c2)n(-c2ccc(NC(=O)CCl)cc2)n1,inactive,421.28400000000016,3.7902000000000013,1.0,6.0,4.585026652029182
51,CHEMBL3814679,COCCOc1nc(-c2ccccc2)n(-c2ccc(NC(=O)CCl)cc2)n1,inactive,386.8390000000001,3.136800000000002,1.0,6.0,4.008773924307505
52,CHEMBL395110,CN1CCCC(CN2c3ccccc3Sc3ccccc32)C1,active,310.4660000000001,4.631100000000004,0.0,3.0,6.376750709602099
53,CHEMBL4128008,Cc1ccc(NC(=O)C2CCN(c3ncccc3Cl)CC2)cc1Cl,active,364.2760000000002,4.5519200000000035,1.0,3.0,7.267606240177032
54,CHEMBL4125938,Cc1nc(C)n(-c2ccc(NC(=O)C3CCN(c4ncccc4[N+](=O)[O-])CC3)cc2Cl)n1,active,455.9060000000001,3.6958400000000022,1.0,8.0,6.735182176990463
55,CHEMBL1520947,O=C(Nc1ccc(F)c(Cl)c1)C1CCN(c2ncccn2)CC1,intermediate,334.78200000000004,3.124200000000001,1.0,4.0,5.790484985457369
56,CHEMBL4127958,O=C(Nc1ccc(F)c(Cl)c1)C1CCN(c2ccccc2)CC1,active,332.80600000000004,4.334200000000003,1.0,2.0,6.086186147616283
57,CHEMBL4129003,O=C(Nc1ccc(F)c(Cl)c1)C1CCN(c2ccccn2)CC1,intermediate,333.79400000000004,3.7292000000000023,1.0,3.0,5.721246399047171
58,CHEMBL4129874,O=C(Nc1ccc(F)c(Cl)c1)C1CCN(Cc2ccc(F)cc2)CC1,inactive,364.82300000000004,4.468900000000003,1.0,2.0,4.0
59,CHEMBL4126262,CC(C)CN1CCC(C(=O)Nc2ccc(F)c(Cl)c2)CC1,inactive,312.8160000000001,3.7856000000000023,1.0,2.0,4.0
60,CHEMBL4130062,N#Cc1ccnc(N2CCC(C(=O)Nc3ccc(F)c(Cl)c3)CC2)c1,intermediate,358.8040000000001,3.600880000000002,1.0,4.0,5.045757490560675
61,CHEMBL4128693,N#Cc1cccnc1N1CCC(C(=O)Nc2ccc(F)c(Cl)c2)CC1,active,358.8040000000001,3.600880000000002,1.0,4.0,6.376750709602099
62,CHEMBL4128618,O=C(Nc1ccc(F)c(Cl)c1)C1CCN(c2ncccc2Cl)CC1,active,368.23900000000003,4.382600000000003,1.0,3.0,7.552841968657781
63,CHEMBL4129988,Nc1cccnc1N1CCC(C(=O)Nc2ccc(F)c(Cl)c2)CC1,active,348.8090000000002,3.3114000000000017,2.0,4.0,7.0
64,CHEMBL4127369,O=C(Nc1ccc(F)c(Cl)c1)C1CCN(c2nccnc2Cl)CC1,active,369.2270000000001,3.7776000000000023,1.0,4.0,7.0
65,CHEMBL4126562,O=C(NC1CCCCC1)C1CCN(c2ncccc2Cl)CC1,inactive,321.8520000000001,3.4003000000000023,1.0,3.0,4.0
66,CHEMBL4126140,O=C(Nc1ccccc1)C1CCN(c2ncccc2Cl)CC1,intermediate,315.8040000000001,3.5901000000000023,1.0,3.0,5.327902142064283
67,CHEMBL4127519,O=C(Nc1cccc(Cl)c1)C1CCN(c2ncccc2Cl)CC1,active,350.249,4.243500000000003,1.0,3.0,6.6777807052660805
68,CHEMBL4127375,COc1ncc(NC(=O)C2CCN(c3ncccc3Cl)CC2)cc1Cl,active,381.26300000000015,3.6471000000000027,1.0,5.0,7.886056647693163
69,CHEMBL4128769,O=C(Nc1cnc(-n2nccn2)c(Cl)c1)C1CCN(c2ncccc2Cl)CC1,active,418.28800000000024,3.2192000000000016,1.0,7.0,8.397940008672037
70,CHEMBL4128888,Nc1cccnc1N1CCC(C(=O)Nc2cnc(-n3nccn3)c(Cl)c2)CC1,active,398.8580000000002,2.1479999999999997,2.0,8.0,8.154901959985743
71,CHEMBL4130251,Nc1cccnc1N1CCC(C(=O)Nc2ccc(-n3nccn3)c(Cl)c2)CC1,active,397.8700000000001,2.753000000000001,2.0,7.0,7.455931955649724
72,CHEMBL4129385,CNC(=O)c1ncn(-c2ccc(NC(=O)C3CCN(c4ncccc4Cl)CC3)cc2Cl)n1,active,474.35200000000026,3.1838000000000006,2.0,7.0,7.6777807052660805
73,CHEMBL4129254,Cc1cn(-c2cc(NC(=O)C3CCN(c4ncccc4Cl)CC3)cc(C(F)(F)F)c2)cn1,active,463.8910000000001,5.103020000000004,1.0,5.0,6.468521082957745
74,CHEMBL4567817,COc1ccc(NC(=O)C2CCN(c3nccc4sccc34)CC2)cc1Cl,active,401.9190000000001,4.813400000000004,1.0,5.0,6.161150909262744
75,CHEMBL4525868,COc1ccc(N(C)C(=O)C2CCN(c3nccc4sccc34)CC2)cc1Cl,inactive,415.94600000000014,4.837700000000004,0.0,5.0,4.522878745280337
76,CHEMBL4530029,COc1ccc(NC(=O)C2CCN(c3nccc4ccsc34)CC2)cc1Cl,intermediate,401.9190000000001,4.813400000000004,1.0,5.0,5.886056647693163
77,CHEMBL4585807,COc1ccc(NC(=O)C2CCN(c3nccc4sc(C)cc34)CC2)cc1Cl,inactive,415.94600000000014,5.121820000000004,1.0,5.0,4.7495799976911055
78,CHEMBL4551510,COc1ccc(NC(=O)C2CCN(c3nccc4scnc34)CC2)cc1Cl,inactive,402.90700000000015,4.208400000000004,1.0,6.0,4.889410289700751
79,CHEMBL4437395,COc1ccc(NC(=O)C2CCN(c3nccn4ccnc34)CC2)cc1Cl,inactive,385.85500000000013,3.246400000000002,1.0,6.0,4.690369832574101
80,CHEMBL4536750,COc1ccc(NC(=O)C2CCN(c3nccn4cccc34)CC2)cc1Cl,intermediate,384.8670000000002,3.8514000000000035,1.0,5.0,5.958607314841775
81,CHEMBL4439847,COc1ccc(NC(=O)C2CCN(c3ccc4ccccc4n3)CC2)cc1Cl,inactive,395.8900000000001,4.751900000000004,1.0,4.0,4.522878745280337
82,CHEMBL4526427,COc1ccc(NC(=O)C2CCN(c3nccc4ccccc34)CC2)cc1Cl,intermediate,395.8900000000001,4.751900000000004,1.0,4.0,5.638272163982407
83,CHEMBL4469819,COc1ccc(NC(=O)C2CCN(c3ncnc4ccccc34)CC2)cc1Cl,intermediate,396.87800000000016,4.146900000000003,1.0,5.0,5.3979400086720375
84,CHEMBL4446759,COc1ccc(NC(=O)C2CCN(c3ncccc3C)CC2)cc1Cl,active,359.8570000000002,3.9071200000000026,1.0,4.0,7.0
85,CHEMBL4546577,COc1ccc(NC(=O)C2CCN(c3ncccc3Cl)CC2)cc1Cl,active,380.2750000000002,4.252100000000003,1.0,4.0,7.0
86,CHEMBL4534539,COc1ccc(NC(=O)C2CCN(c3ncccc3Br)CC2)cc1Cl,active,424.7260000000001,4.361200000000004,1.0,4.0,7.301029995663981
87,CHEMBL4457755,COc1ccc(NC(=O)C2CCN(c3ncccc3SC)CC2)cc1Cl,active,391.9240000000002,4.320600000000003,1.0,5.0,6.008773924307505
88,CHEMBL4525068,COc1ccc(NC(=O)C2CCN(c3ncccc3OC)CC2)cc1Cl,active,375.8560000000002,3.607300000000002,1.0,5.0,6.455931955649724
89,CHEMBL4594202,COc1ccc(NC(=O)C2CCN(c3ncccc3C(F)(F)F)CC2)cc1Cl,active,413.8270000000001,4.617500000000003,1.0,4.0,6.3872161432802645
90,CHEMBL4562750,CCc1cccnc1N1CCC(C(=O)Nc2ccc(OC)c(Cl)c2)CC1,active,373.8840000000001,4.161100000000003,1.0,4.0,6.080921907623926
91,CHEMBL4475053,COc1ccc(NC(=O)C2CCN(c3ncccc3S(C)(=O)=O)CC2)cc1Cl,intermediate,423.92200000000025,3.002200000000002,1.0,6.0,5.219682687859849
92,CHEMBL4459148,COc1ccc(NC(=O)C2CCN(c3ccccn3)CC2)cc1Cl,intermediate,345.83000000000015,3.5987000000000027,1.0,4.0,5.4698003017969175
93,CHEMBL4442542,COc1ccc(NC(=O)C2CCN(c3nc(C)ccc3Cl)CC2)cc1Cl,active,394.30200000000013,4.560520000000004,1.0,4.0,6.259637310505756
94,CHEMBL4434699,COc1ccc(NC(=O)C2CCN(c3nccc(C)c3C)CC2)cc1Cl,inactive,373.8840000000001,4.215540000000003,1.0,4.0,4.7495799976911055
95,CHEMBL4566269,COc1ccc(NC(=O)C2CCN(c3ncccc3Oc3cccnc3)CC2)cc1Cl,intermediate,438.9150000000002,4.786000000000004,1.0,6.0,5.369572124974976
96,CHEMBL4514407,COc1ccc(NC(=O)C2CCN(c3ncccc3-c3cnn(C)c3)CC2)cc1Cl,inactive,425.9200000000002,3.9992000000000036,1.0,6.0,4.8696662315049934
97,CHEMBL4541376,COc1ccc(NC(=O)C2CCN(c3ccccc3Cl)CC2)cc1Cl,active,379.28700000000015,4.8571000000000035,1.0,3.0,6.638272163982407
98,CHEMBL4551225,COc1ccc(NC(=O)C2CCN(c3ncccc3C)C(C)C2)cc1Cl,active,373.8840000000001,4.295620000000004,1.0,4.0,7.301029995663981
99,CHEMBL4556101,COc1ccc(NC(=O)C2CCN(c3ncccc3Br)C(C)C2)cc1Cl,active,438.75300000000016,4.749700000000004,1.0,4.0,7.301029995663981
100,CHEMBL4556123,COc1ccc(NC(=O)C2CCN(c3ncccc3C)CC2C)cc1Cl,active,373.8840000000001,4.153120000000003,1.0,4.0,6.638272163982407
101,CHEMBL4476038,CC[C@@H]1C[C@H](C(=O)Nc2ccc(OC)c(Cl)c2)CCN1c1ncccc1C,active,387.9110000000002,4.685720000000004,1.0,4.0,6.5376020021010435
102,CHEMBL4438687,COc1ccc(NC(=O)C2(C)CCN(c3ncccc3C)CC2)cc1Cl,inactive,373.8840000000001,4.297220000000004,1.0,4.0,4.522878745280337
103,CHEMBL4536412,COc1ccc(N2CCC3(CCN(c4ncccc4C)CC3)C2=O)cc1Cl,inactive,385.8950000000002,4.075520000000004,0.0,4.0,4.950781977329818
104,CHEMBL4458952,O=C(Nc1ccc(OC(F)(F)F)c(Cl)c1)C1CCN(c2ncccc2Cl)CC1,intermediate,434.24500000000023,5.142100000000004,1.0,4.0,5.7594507517174005
105,CHEMBL4471046,O=C(Nc1cc(Cl)c2occc2c1)C1CCN(c2ncccc2Cl)CC1,active,390.2700000000001,4.989700000000003,1.0,4.0,7.0
106,CHEMBL4443047,COc1ncc(NC(=O)C2CCN(c3ncccc3Br)CC2)cc1Cl,active,425.71400000000017,3.7562000000000024,1.0,5.0,7.522878745280337
107,CHEMBL4460951,COc1cnc(NC(=O)C2CCN(c3ncccc3Cl)CC2)cc1Cl,active,381.26300000000015,3.6471000000000027,1.0,5.0,6.886056647693163
108,CHEMBL4470809,O=C(Nc1cnc(OC2CC2)c(Cl)c1)C1CCN(c2ncccc2Cl)CC1,active,407.30100000000004,4.179700000000003,1.0,5.0,7.3979400086720375
109,CHEMBL4565085,O=C(Nc1cnc(Oc2cccnc2)c(Cl)c1)C1CCN(c2ncccc2Cl)CC1,active,444.32200000000023,4.825800000000004,1.0,6.0,6.886056647693163
110,CHEMBL4559304,O=C1COc2c(Cl)cc(NC(=O)C3CCN(c4ncccc4Cl)CC3)cc2N1,active,421.28400000000016,3.5744000000000016,2.0,5.0,7.698970004336019
111,CHEMBL4471723,CNc1ncc(NC(=O)C2CCN(c3ncccc3Cl)CC2)cc1Cl,active,380.2790000000001,3.680200000000003,2.0,5.0,6.0
112,CHEMBL4537193,O=C1COc2ccc(NC(=O)C3CCN(c4ncccc4Cl)CC3)cc2N1,active,386.8390000000001,2.9210000000000003,2.0,5.0,6.267606240177032
113,CHEMBL4591083,COc1ccc(NC(=O)[C@@H]2CCN(c3ncccc3Br)[C@H](C)C2)cc1Cl,active,438.75300000000016,4.749700000000004,1.0,4.0,8.0
114,CHEMBL4550900,COc1ccc(NC(=O)[C@H]2CCN(c3ncccc3Br)[C@H](C)C2)cc1Cl,active,438.75300000000016,4.749700000000004,1.0,4.0,6.7447274948966935
115,CHEMBL4437710,COc1ccc(NC(=O)[C@@H]2CCN(c3ncccc3Br)[C@@H](C)C2)cc1Cl,active,438.75300000000016,4.749700000000004,1.0,4.0,6.823908740944319
116,CHEMBL4453860,COc1ccc(NC(=O)[C@H]2CCN(c3ncccc3Br)[C@@H](C)C2)cc1Cl,inactive,438.75300000000016,4.749700000000004,1.0,4.0,4.7594507517174005
117,CHEMBL4534670,CC(C)[C@H](NC(=O)OCc1ccccc1)C(=O)N[C@@H](CCCNC(=N)N)C(=O)N1CCC[C@H]1C(=O)NC(CCCNC(=N)N)C(=O)CF,active,676.795,-0.0368599999999929,9.0,8.0,7.795880017344075
118,CHEMBL4575326,COC(=O)C1=CC=COc2oc3cc(C)cc(O)c3c(=O)c21,inactive,300.2660000000001,2.2695200000000013,1.0,6.0,4.293282217663241
119,CHEMBL4441858,COC(=O)C1=CC(C)=COc2oc3cccc(O)c3c(=O)c21,inactive,300.2660000000001,2.351200000000001,1.0,6.0,4.493494967595128
120,CHEMBL4751202,Cc1ncncc1NC(=O)Nc1cnc(-n2nccn2)c(Cl)c1,inactive,330.73900000000003,2.0581199999999997,2.0,7.0,4.698970004336019
121,CHEMBL4783451,CC(C)c1ncncc1NC(=O)Nc1cnc(-n2nccn2)c(Cl)c1,intermediate,358.793,2.873100000000001,2.0,7.0,5.703334809738469
122,CHEMBL4777911,Cc1cc(C)c(NC(=O)Nc2cnc(-n3nccn3)c(Cl)c2)cn1,inactive,343.7780000000001,2.97154,2.0,6.0,4.714442690992226
123,CHEMBL4799622,O=C(Nc1cnc(-n2nccn2)c(Cl)c1)Nc1cncc2ccccc12,intermediate,365.7840000000001,3.507900000000001,2.0,6.0,5.220403508742176
124,CHEMBL4759864,Cc1c(NC(=O)Nc2cnc(-n3nccn3)c(Cl)c2)cnc2ccc(Br)cc12,active,458.7070000000001,4.578820000000002,2.0,6.0,6.795880017344075
125,CHEMBL4748253,CO[C@@H](C)c1c(NC(=O)Nc2cnc(-n3nccn3)c(Cl)c2)cnc2cc(Cl)nn12,active,448.2740000000001,3.363200000000001,2.0,9.0,8.221848749616356
126,CHEMBL4782908,Cc1c(NC(=O)Nc2cnc(-n3nccn3)c(Cl)c2)cnc2ccccc12,active,379.8110000000001,3.816320000000002,2.0,6.0,6.6252516539898965
127,CHEMBL4742156,CC(C)c1c(NC(=O)Nc2cnc(-n3nccn3)c(Cl)c2)cnc2ccccc12,active,407.86500000000007,4.631300000000002,2.0,6.0,7.107905397309519
128,CHEMBL4760252,O=C(Nc1cnc(-n2nccn2)c(Cl)c1)Nc1cnc2ccccc2c1C1CCCC1,active,433.9030000000003,5.165500000000002,2.0,6.0,6.345823458122039
129,CHEMBL4762086,O=C(Nc1cnc(-n2nccn2)c(Cl)c1)Nc1cnc2ccccc2c1C1CC1,active,405.8490000000002,4.385300000000002,2.0,6.0,8.154901959985743
130,CHEMBL4784606,O=C(Nc1cnc(-n2nccn2)c(Cl)c1)Nc1cnc2cc(Cl)ccc2c1C1CC1,active,440.2940000000002,5.038700000000002,2.0,6.0,6.364516253185088
131,CHEMBL4784740,O=C(Nc1cnc(-n2nccn2)c(Cl)c1)Nc1cnc2ccc(Cl)cc2c1C1CC1,active,440.2940000000002,5.038700000000002,2.0,6.0,8.698970004336019
132,CHEMBL4740768,O=C(Nc1cnc(-n2nccn2)c(Cl)c1)Nc1cnc2cc(F)ccc2c1C1CC1,active,423.8390000000002,4.524400000000002,2.0,6.0,7.036212172654444
133,CHEMBL4741853,O=C(Nc1cnc(-n2nccn2)c(Cl)c1)Nc1cnc2ccc(F)cc2c1C1CC1,active,423.8390000000002,4.524400000000002,2.0,6.0,8.221848749616356
134,CHEMBL4780316,COc1ccc2c(C3CC3)c(NC(=O)Nc3cnc(-n4nccn4)c(Cl)c3)cnc2c1,inactive,435.8750000000001,4.393900000000002,2.0,7.0,4.698970004336019
135,CHEMBL4740000,COc1ccc2ncc(NC(=O)Nc3cnc(-n4nccn4)c(Cl)c3)c(C3CC3)c2c1,active,435.8750000000002,4.393900000000002,2.0,7.0,7.886056647693163
136,CHEMBL4790415,COC(C)c1c(NC(=O)Nc2cnc(-n3nccn3)c(Cl)c2)cnc2ccccc12,active,423.8640000000001,4.215300000000002,2.0,7.0,7.481486060122112
137,CHEMBL4763765,CCOC(C)c1c(NC(=O)Nc2cnc(-n3nccn3)c(Cl)c2)cnc2ccccc12,active,437.89100000000013,4.605400000000003,2.0,7.0,7.259637310505756
138,CHEMBL4755479,COC(C)(C)c1c(NC(=O)Nc2cnc(-n3nccn3)c(Cl)c2)cnc2ccccc12,active,437.89100000000013,4.389400000000003,2.0,7.0,6.782516055786093
139,CHEMBL4751498,CC(O)c1c(NC(=O)Nc2cnc(-n3nccn3)c(Cl)c2)cnc2ccccc12,active,409.83700000000016,3.5612000000000013,3.0,7.0,7.552841968657781
140,CHEMBL4791759,COC(C)c1c(NC(=O)Nc2cnc(-n3nccn3)c(Cl)c2)cnc2ccc(F)cc12,active,441.8540000000001,4.354400000000003,2.0,7.0,7.7447274948966935
141,CHEMBL4749826,CCOC(C)c1c(NC(=O)Nc2cnc(-n3nccn3)c(Cl)c2)cnc2ccc(F)cc12,active,455.88100000000014,4.744500000000003,2.0,7.0,7.568636235841013
142,CHEMBL4789469,COC(C)(C)c1c(NC(=O)Nc2cnc(-n3nccn3)c(Cl)c2)cnc2ccc(F)cc12,active,455.88100000000014,4.528500000000003,2.0,7.0,7.455931955649724
143,CHEMBL4779581,CC(O)c1c(NC(=O)Nc2cnc(-n3nccn3)c(Cl)c2)cnc2ccc(F)cc12,active,427.82700000000017,3.7003000000000013,3.0,7.0,8.154901959985743
144,CHEMBL4794268,Cc1nc2c(C3CC3)c(NC(=O)Nc3cnc(-n4nccn4)c(Cl)c3)cnc2s1,active,426.89300000000003,4.150220000000002,2.0,8.0,7.337242168318426
145,CHEMBL4749854,COC(C)c1c(NC(=O)Nc2cnc(-n3nccn3)c(Cl)c2)cnc2sc(C)nc12,active,444.90800000000013,3.980220000000002,2.0,9.0,7.522878745280337
146,CHEMBL4784899,CCOC(C)c1c(NC(=O)Nc2cnc(-n3nccn3)c(Cl)c2)cnc2sc(C)nc12,active,458.9350000000002,4.370320000000003,2.0,9.0,7.443697499232712
147,CHEMBL4788571,Cc1nc2c(C(C)O)c(NC(=O)Nc3cnc(-n4nccn4)c(Cl)c3)cnc2s1,active,430.8810000000001,3.3261200000000013,3.0,9.0,7.161150909262744
148,CHEMBL1336903,COc1ccc(NC(=O)NC2COc3ccccc3C2)cc1Cl,intermediate,332.78700000000003,3.4738000000000016,2.0,3.0,5.638272163982407
149,CHEMBL4783666,COc1ccc(NC(=O)NC2COc3ccc(C#N)cc3C2)cc1Cl,intermediate,357.797,3.345480000000001,2.0,4.0,5.71669877129645
150,CHEMBL4751838,COc1ccc(NC(=O)NC2COc3ccc(F)cc3C2)cc1Cl,intermediate,350.77700000000004,3.6129000000000016,2.0,3.0,5.903089986991944
151,CHEMBL4742888,COc1ccc(NC(=O)NC2CSc3ccc(F)cc3C2)cc1Cl,intermediate,366.84500000000014,4.326200000000003,2.0,3.0,5.369572124974976
152,CHEMBL4786633,O=C(Nc1ccc(-n2cncn2)c(Cl)c1)N[C@H]1COc2ccc(Br)cc2C1,intermediate,448.7080000000002,3.8084000000000016,2.0,5.0,5.707743928643524
153,CHEMBL4747104,COc1ncc(NC(=O)NC2COc3ccc(Br)cc3C2)cc1Cl,intermediate,412.67100000000005,3.6313000000000013,2.0,4.0,5.450996737974212
154,CHEMBL4754209,COc1ccc(NC(=O)Nc2cnc3ccc(Br)cc3c2)cc1Cl,intermediate,406.66700000000003,5.303300000000002,2.0,3.0,5.31695296176115
155,CHEMBL4798110,COc1ccc(NC(=O)Nc2cnc3ccc(Br)cc3c2Cl)cc1Cl,active,441.1120000000001,5.956700000000001,2.0,3.0,6.292429823902063
156,CHEMBL4785146,COc1ccc(NC(=O)Nc2cnc3ccc(C#N)cc3c2N(C)C2CCOCC2)cc1Cl,active,465.94100000000026,5.027680000000004,2.0,6.0,6.173925197299173
157,CHEMBL4748505,COc1ncc(NC(=O)Nc2cnc3ccc(C#N)cc3c2N(C)C2CCOCC2)cc1Cl,active,466.9290000000003,4.422680000000003,2.0,7.0,6.721246399047171
158,CHEMBL4765158,COc1ccc(NC(=O)Nc2cnc3ccc(C#N)cc3c2N2CCOC[C@@H]2C)cc1Cl,active,451.9140000000002,4.637580000000003,2.0,6.0,6.920818753952375
159,CHEMBL4796575,COc1ncc(NC(=O)Nc2cnc3ccc(C#N)cc3c2N2CCOC[C@@H]2C)cc1Cl,active,452.90200000000027,4.032580000000003,2.0,7.0,7.431798275933005
160,CHEMBL4795854,COc1ncc(NC(=O)Nc2cnc3cc(Br)nn3c2N2CCOC[C@@H]2C)cc1Cl,active,496.75300000000027,3.417900000000002,2.0,8.0,6.130768280269024
161,CHEMBL4757361,COc1ncc(NC(=O)Nc2cnc3cc(Cl)nn3c2N2CCOCC2(C)C)cc1Cl,active,466.3290000000003,3.6989000000000027,2.0,8.0,7.096910013008056
162,CHEMBL4795909,CC1(C)COCCN1c1c(NC(=O)Nc2ccnc(C(F)(F)F)c2)cnc2cc(Cl)nn12,active,469.85500000000013,4.0557000000000025,2.0,7.0,6.552841968657781
163,CHEMBL4754690,COc1ncc(NC(=O)Nc2cnc3cc(Cl)nn3c2N2[C@@H](C)COC[C@@H]2C)cc1Cl,active,466.3290000000002,3.697300000000002,2.0,8.0,6.481486060122113
164,CHEMBL4796225,C[C@H]1COC[C@H](C)N1c1c(NC(=O)Nc2ccnc(C(F)(F)F)c2)cnc2cc(Cl)nn12,active,469.85500000000013,4.054100000000002,2.0,7.0,6.795880017344075
165,CHEMBL4764115,COc1ccc(NC(=O)N[C@H]2COc3ccccc3C2)cc1Cl,active,332.78700000000003,3.4738000000000016,2.0,3.0,6.8696662315049934
166,CHEMBL4745442,COc1ccc(NC(=O)N[C@@H]2COc3ccccc3C2)cc1Cl,inactive,332.78700000000003,3.4738000000000016,2.0,3.0,4.0
167,CHEMBL4761510,COc1ccc(NC(=O)NC2COc3ccc(Br)cc3C2)cc1Cl,active,411.6830000000001,4.236300000000003,2.0,3.0,7.301029995663981
168,CHEMBL4756613,COc1ccc(NC(=O)NC2CCc3ccccc3C2)cc1Cl,inactive,330.81500000000005,4.027600000000002,2.0,2.0,4.0
169,CHEMBL4756051,COc1ccc(NC(=O)CC2COc3ccccc3C2)cc1Cl,active,331.7990000000001,3.9285000000000023,1.0,3.0,6.0
170,CHEMBL4752603,COc1ccc(CC(=O)NC2COc3ccccc3C2)cc1Cl,inactive,331.7990000000001,3.011000000000002,1.0,3.0,4.0
171,CHEMBL4779836,COc1ccc(N(C)C(=O)NC2COc3ccc(Br)cc3C2)cc1Cl,inactive,425.71000000000004,4.260600000000003,1.0,3.0,4.0
172,CHEMBL4779204,COc1ccc(NC(=O)N(C)C2COc3ccc(Br)cc3C2)cc1Cl,inactive,425.71000000000004,4.578500000000004,1.0,3.0,4.0
173,CHEMBL4756634,COc1ncc(NC(=O)Nc2cnc3ccc(F)cc3c2N(C)C2CCCN(C)C2)cc1Cl,active,472.95200000000034,4.605300000000004,2.0,6.0,7.154901959985743
174,CHEMBL4758420,C[C@H]1COCCN1c1c(NC(=O)Nc2cnc(OC3CCN(C)CC3)c(Cl)c2)cnc2ccc(F)cc12,active,529.0160000000003,4.764400000000004,2.0,7.0,7.154901959985743
175,CHEMBL4785617,Cc1c(NC(=O)Nc2ccnc(C(F)(F)F)c2)cnc2cc(Cl)nn12,active,370.722,3.748920000000002,2.0,5.0,6.000869458712629
176,CHEMBL4784806,CC(C)c1c(NC(=O)Nc2ccnc(C(F)(F)F)c2)cnc2cc(Cl)nn12,active,398.77600000000007,4.563900000000003,2.0,5.0,7.823908740944319
177,CHEMBL4745946,CC(C)c1c(NC(=O)Nc2cnc(-n3nccn3)c(Cl)c2)cnc2cc(Cl)nn12,active,432.2750000000001,3.7792000000000012,2.0,8.0,8.522878745280337
178,CHEMBL4786953,O=C(Nc1cnc(-n2nccn2)c(Cl)c1)Nc1cnc2cc(Cl)nn2c1C1CC1,active,430.2590000000002,3.5332000000000017,2.0,8.0,8.301029995663981
179,CHEMBL4763128,O=C(Nc1cnc(-n2nccn2)c(Cl)c1)Nc1cnc2cc(Cl)nn2c1C1CCOCC1,active,474.3120000000003,3.549800000000001,2.0,9.0,8.0
180,CHEMBL4781879,COC[C@H](C)c1c(NC(=O)Nc2cnc(-n3nccn3)c(Cl)c2)cnc2cc(Cl)nn12,active,462.30100000000016,3.4057000000000013,2.0,9.0,8.522878745280337
181,CHEMBL4760571,COC[C@@H](C)c1c(NC(=O)Nc2cnc(-n3nccn3)c(Cl)c2)cnc2cc(Cl)nn12,active,462.30100000000016,3.4057000000000013,2.0,9.0,8.397940008672037
182,CHEMBL4795308,COCc1c(NC(=O)Nc2cnc(-n3nccn3)c(Cl)c2)cnc2cc(Cl)nn12,active,434.2470000000002,2.802200000000001,2.0,9.0,7.7447274948966935
183,CHEMBL4787356,CO[C@H](C)c1c(NC(=O)Nc2cnc(-n3nccn3)c(Cl)c2)cnc2cc(Cl)nn12,active,448.2740000000001,3.363200000000001,2.0,9.0,7.886056647693163
184,CHEMBL4746044,CO[C@@H](C)c1c(NC(=O)Nc2ccnc(C(F)(F)F)c2)cnc2cc(Cl)nn12,active,414.7750000000001,4.147900000000002,2.0,6.0,8.397940008672037
185,CHEMBL479,CSc1ccc2c(c1)N(CCC1CCCCN1C)c1ccccc1S2,intermediate,370.587,5.885600000000005,0.0,4.0,5.464705879957229
186,CHEMBL1401572,CNC(=O)c1cc(-c2ccc(Cl)cc2)n(-c2ccccc2)n1,inactive,311.772,3.5523000000000016,1.0,3.0,4.703554205793604
187,CHEMBL4855013,CNC(=O)c1cc(-c2ccc(Cl)cc2)n(Cc2ccccc2)n1,inactive,325.799,3.6114000000000015,1.0,3.0,4.7870138152633315
188,CHEMBL4849377,CNC(=O)c1cc(-c2ccc(Cl)cc2)n(C)n1,inactive,249.701,2.1000999999999994,1.0,3.0,4.6020599913279625
189,CHEMBL4868040,CNC(=O)c1cc(-c2ccc(Cl)cc2)n(-c2ccc(Cl)cc2)n1,intermediate,346.21700000000004,4.205700000000002,1.0,3.0,5.154281982033341
190,CHEMBL4854452,CNC(=O)c1cc(-c2ccc(Cl)cc2)n(-c2ccccc2Cl)n1,inactive,346.21700000000004,4.205700000000002,1.0,3.0,4.6020599913279625
191,CHEMBL4847280,CNC(=O)c1cc(-c2cccc(Cl)c2)n(-c2ccc(Cl)cc2)n1,inactive,346.21700000000004,4.205700000000002,1.0,3.0,4.6020599913279625
192,CHEMBL4869686,CNC(=O)c1cc(-c2ccccc2Cl)n(-c2ccc(Cl)cc2)n1,inactive,346.21700000000004,4.205700000000003,1.0,3.0,4.6020599913279625
193,CHEMBL4849824,CNC(=O)c1cc(-c2ccccc2)n(-c2ccc(Cl)cc2)n1,inactive,311.772,3.5523000000000016,1.0,3.0,4.774949303861951
194,CHEMBL4870944,CNC(=O)c1cc(-c2ccc(OC)cc2)n(-c2ccc(Cl)cc2)n1,intermediate,341.79800000000006,3.560900000000002,1.0,4.0,5.183758700008217
195,CHEMBL4876803,CNC(=O)c1cc(-c2ccc(F)cc2)n(-c2ccc(Cl)cc2)n1,inactive,329.762,3.6914000000000025,1.0,3.0,4.6020599913279625
196,CHEMBL4853526,CNC(=O)c1cc(-c2ccc(C(F)(F)F)cc2)n(-c2ccc(Cl)cc2)n1,inactive,379.76900000000006,4.571100000000002,1.0,3.0,4.6020599913279625
197,CHEMBL4850538,CNC(=O)c1cc(-c2ccc(CO)cc2)n(-c2ccc(Cl)cc2)n1,inactive,341.79800000000006,3.044600000000001,2.0,4.0,4.6020599913279625
198,CHEMBL4876960,CNC(=O)c1cc(-c2ccc(S(C)(=O)=O)cc2)n(-c2ccc(Cl)cc2)n1,inactive,389.8640000000001,2.955800000000001,1.0,5.0,4.6020599913279625
199,CHEMBL4861384,CNC(=O)c1cc(-c2ccc(OC(F)(F)F)cc2)n(-c2ccc(Cl)cc2)n1,inactive,395.768,4.4509000000000025,1.0,4.0,4.6020599913279625
200,CHEMBL4856758,CNC(=O)c1cc(-c2ccc(C#N)cc2)n(-c2ccc(Cl)cc2)n1,inactive,336.782,3.423980000000002,1.0,4.0,4.6020599913279625
201,CHEMBL4854584,CNC(=O)c1cc(-c2ccsc2)n(-c2ccc(Cl)cc2)n1,inactive,317.801,3.613800000000002,1.0,4.0,4.6020599913279625
202,CHEMBL4846926,CNC(=O)c1cc(-c2ccco2)n(-c2ccc(Cl)cc2)n1,inactive,301.733,3.1453000000000015,1.0,4.0,4.6020599913279625
203,CHEMBL4875801,CNC(=O)c1cc(-c2ccoc2)n(-c2ccc(Cl)cc2)n1,inactive,301.733,3.1453000000000015,1.0,4.0,4.6020599913279625
204,CHEMBL4851687,CNC(=O)c1cc(-c2ccc(OC)nc2)n(-c2ccc(Cl)cc2)n1,inactive,342.786,2.9559000000000006,1.0,5.0,4.6020599913279625
205,CHEMBL3972284,CN(C)C(=O)c1cc(-c2ccc(Cl)cc2)n(-c2ccc(Cl)cc2)n1,inactive,360.2440000000001,4.547900000000003,0.0,3.0,4.674074044228534
206,CHEMBL4871767,O=C(c1cc(-c2ccc(Cl)cc2)n(-c2ccc(Cl)cc2)n1)N1CCCC1,inactive,386.28200000000015,5.082100000000004,0.0,3.0,4.6020599913279625
207,CHEMBL4852445,NCCNC(=O)c1cc(-c2ccc(Cl)cc2)n(-c2ccc(Cl)cc2)n1,intermediate,375.25900000000007,3.534600000000002,2.0,4.0,5.703334809738469
208,CHEMBL4872478,NCCCNC(=O)c1cc(-c2ccc(Cl)cc2)n(-c2ccc(Cl)cc2)n1,intermediate,389.286,3.9247000000000014,2.0,4.0,5.131355561605174
209,CHEMBL4858998,O=C(NCCO)c1cc(-c2ccc(Cl)cc2)n(-c2ccc(Cl)cc2)n1,intermediate,376.2430000000001,3.5682000000000027,2.0,4.0,5.183758700008217
210,CHEMBL4852750,O=C(NCCCO)c1cc(-c2ccc(Cl)cc2)n(-c2ccc(Cl)cc2)n1,inactive,390.27000000000004,3.958300000000003,2.0,4.0,4.90622821850127
211,CHEMBL4860905,NC(=O)CCNC(=O)c1cc(-c2ccc(Cl)cc2)n(-c2ccc(Cl)cc2)n1,inactive,403.26900000000006,3.4513000000000016,2.0,4.0,4.873219422987991
212,CHEMBL4878505,O=C(NCCc1ccccc1)c1cc(-c2ccc(Cl)cc2)n(-c2ccc(Cl)cc2)n1,inactive,436.34200000000016,5.818600000000004,1.0,3.0,4.6020599913279625
213,CHEMBL4852604,O=C(NCC1CCCCC1)c1cc(-c2ccc(Cl)cc2)n(-c2ccc(Cl)cc2)n1,inactive,428.3630000000001,6.1562000000000054,1.0,3.0,4.6020599913279625
214,CHEMBL4871514,CNCCNC(=O)c1cc(-c2ccc(Cl)cc2)n(-c2ccc(Cl)cc2)n1,active,389.286,3.795300000000002,2.0,4.0,6.096910013008056
215,CHEMBL4866278,CN(C)CCNC(=O)c1cc(-c2ccc(Cl)cc2)n(-c2ccc(Cl)cc2)n1,active,403.31300000000005,4.137500000000003,1.0,4.0,6.309803919971486
216,CHEMBL4878237,CC(=O)NCCNC(=O)c1cc(-c2ccc(Cl)cc2)n(-c2ccc(Cl)cc2)n1,intermediate,417.2960000000001,3.7120000000000015,2.0,4.0,5.481486060122113
217,CHEMBL4868435,CS(=O)(=O)NCCNC(=O)c1cc(-c2ccc(Cl)cc2)n(-c2ccc(Cl)cc2)n1,intermediate,453.35100000000017,3.1251000000000015,2.0,5.0,5.359518563029578
218,CHEMBL3912981,CN(C)CCCNC(=O)c1cc(-c2ccc(Cl)cc2)n(-c2ccc(Cl)cc2)n1,intermediate,417.3400000000001,4.527600000000004,1.0,4.0,5.580044251510242
219,CHEMBL4860141,CN(C)CCCCNC(=O)c1cc(-c2ccc(Cl)cc2)n(-c2ccc(Cl)cc2)n1,intermediate,431.36700000000013,4.917700000000004,1.0,4.0,5.653647025549361
220,CHEMBL4878663,CN(C)C1CCN(C(=O)c2cc(-c3ccc(Cl)cc3)n(-c3ccc(Cl)cc3)n2)C1,inactive,429.35100000000017,4.622200000000005,0.0,4.0,4.97387548325455
221,CHEMBL4851874,CCN1CCC[C@@H]1CNC(=O)c1cc(-c2ccc(Cl)cc2)n(-c2ccc(Cl)cc2)n1,intermediate,443.3780000000001,5.060200000000005,1.0,4.0,5.6777807052660805
222,CHEMBL4847984,CN1CCCCC1CNC(=O)c1cc(-c2ccc(Cl)cc2)n(-c2ccc(Cl)cc2)n1,active,443.3780000000001,5.060200000000005,1.0,4.0,6.283162276700476
223,CHEMBL4855466,CN1CCCC(NC(=O)c2cc(-c3ccc(Cl)cc3)n(-c3ccc(Cl)cc3)n2)C1,intermediate,429.35100000000017,4.670100000000003,1.0,4.0,5.769551078621726
224,CHEMBL4846703,CN1CCOC[C@H]1CNC(=O)c1cc(-c2ccc(Cl)cc2)n(-c2ccc(Cl)cc2)n1,intermediate,445.3500000000001,3.906500000000003,1.0,5.0,5.696803942579511
225,CHEMBL4848582,CN1CCC(O)CC1CNC(=O)c1cc(-c2ccc(Cl)cc2)n(-c2ccc(Cl)cc2)n1,active,459.3770000000001,4.0310000000000015,2.0,5.0,6.0030507515046185
226,CHEMBL4853614,O=C(NCC1COCCN1)c1cc(-c2ccc(Cl)cc2)n(-c2ccc(Cl)cc2)n1,active,431.32300000000015,3.564300000000002,2.0,5.0,6.086716098239582
227,CHEMBL4568735,CO[C@@H](C)c1c(Nc2ccc([C@H](N(C)C(=O)C3CCS(=O)(=O)CC3)C(F)(F)F)cc2)cnc2cc(Cl)nn12,active,574.0250000000001,4.720300000000004,1.0,8.0,7.7447274948966935
228,CHEMBL4584981,CO[C@@H](C)c1c(Nc2ccc([C@@H](N(C)C(=O)C3CCS(=O)(=O)CC3)C(F)(F)F)cc2)cnc2cc(Cl)nn12,active,574.0250000000001,4.720300000000004,1.0,8.0,6.721246399047171
229,CHEMBL4459895,CC(C)[C@H](NC(=O)c1ccc(Br)cc1)C(=O)N1CCC[C@H]1C(=O)N[C@@H](CCCNC(=N)N)C(=O)CF,active,569.4760000000003,1.4811700000000017,5.0,5.0,8.0
230,CHEMBL5090117,O=C(Nc1ccccc1)c1sc(=S)n2c1[nH]c(=O)c1ccccc12,inactive,353.4280000000001,3.8240900000000018,2.0,5.0,4.6020599913279625
231,CHEMBL5087259,O=C(Nc1ccc([N+](=O)[O-])cc1)c1sc(=S)n2c1[nH]c(=O)c1ccccc12,intermediate,398.4250000000001,3.7322900000000008,2.0,7.0,5.173925197299173
232,CHEMBL5085245,O=C(Nc1ccc(Cl)cc1)c1sc(=S)n2c1[nH]c(=O)c1ccccc12,inactive,387.8730000000001,4.477490000000002,2.0,5.0,4.6020599913279625
233,CHEMBL5082912,CCc1ccc(NC(=O)c2sc(=S)n3c2[nH]c(=O)c2ccccc23)cc1,inactive,381.48200000000014,4.386490000000003,2.0,5.0,4.6020599913279625
234,CHEMBL5093255,COc1ccc(NC(=O)c2sc(=S)n3c2[nH]c(=O)c2ccccc23)cc1,inactive,383.4540000000001,3.8326900000000013,2.0,6.0,4.6020599913279625
235,CHEMBL5092232,COc1cccc(NC(=O)c2sc(=S)n3c2[nH]c(=O)c2ccccc23)c1,inactive,383.45400000000006,3.832690000000002,2.0,6.0,4.6020599913279625
236,CHEMBL5084239,COc1ccccc1NC(=O)c1sc(=S)n2c1[nH]c(=O)c1ccccc12,inactive,383.4540000000001,3.832690000000002,2.0,6.0,4.6020599913279625
237,CHEMBL5087532,COc1ccc(OC)c(NC(=O)c2sc(=S)n3c2[nH]c(=O)c2ccccc23)c1,inactive,413.48000000000013,3.8412900000000016,2.0,7.0,4.6020599913279625
238,CHEMBL5079806,CCc1ccccc1NC(=O)c1sc(=S)n2c1[nH]c(=O)c1ccccc12,inactive,381.4820000000001,4.386490000000002,2.0,5.0,4.8326826652518236
239,CHEMBL5092340,O=C(Nc1cc(Cl)cc(Cl)c1)c1sc(=S)n2c1[nH]c(=O)c1ccccc12,intermediate,422.3180000000001,5.130890000000003,2.0,5.0,5.657577319177793
240,CHEMBL5078910,O=C(Nc1ccc(Cl)c(Cl)c1)c1sc(=S)n2c1[nH]c(=O)c1ccccc12,inactive,422.3180000000001,5.130890000000003,2.0,5.0,4.6020599913279625
241,CHEMBL5084101,COc1ccc(OC)c(NC(=O)c2sc(=S)n3c2[nH]c(=O)c2ccc(OC)cc23)c1,inactive,443.5060000000002,3.849890000000002,2.0,8.0,4.6020599913279625
242,CHEMBL5072179,COc1ccc(OC)c(NC(=O)c2sc(=S)n3c2[nH]c(=O)c2ccc(Br)cc23)c1,inactive,492.37600000000015,4.603790000000003,2.0,7.0,4.72584215073632
243,CHEMBL5094630,COc1ccc(OC)c(NC(=O)c2sc(=S)n3c2[nH]c(=O)c2ccc(Cl)cc23)c1,intermediate,447.9250000000001,4.494690000000002,2.0,7.0,5.2839966563652006
244,CHEMBL5083952,COc1ccc(OC)c(NC(=O)c2sc(=S)n3c2[nH]c(=O)c2ccc(F)cc23)c1,inactive,431.47000000000014,3.9803900000000025,2.0,7.0,4.769551078621726
245,CHEMBL5086306,COC(=O)c1ccc2c(=O)[nH]c3c(C(=O)Nc4cc(OC)ccc4OC)sc(=S)n3c2c1,intermediate,471.5160000000002,3.6278900000000016,2.0,9.0,5.275724130399211
246,CHEMBL5090839,COc1ccc(OC)c(NC(=O)c2sc(=S)n3c2[nH]c(=O)c2cc(OC)ccc23)c1,inactive,443.5060000000002,3.849890000000002,2.0,8.0,4.6020599913279625
247,CHEMBL5076557,COc1ccc(OC)c(NC(=O)c2sc(=S)n3c2[nH]c(=O)c2cc(Br)ccc23)c1,intermediate,492.37600000000015,4.603790000000003,2.0,7.0,5.161150909262744
248,CHEMBL5094556,COc1ccc(OC)c(NC(=O)c2sc(=S)n3c2[nH]c(=O)c2cc(Cl)ccc23)c1,intermediate,447.9250000000001,4.494690000000002,2.0,7.0,5.494850021680094
249,CHEMBL5080756,COc1ccc(OC)c(NC(=O)c2sc(=S)n3c2[nH]c(=O)c2cc(F)c(F)cc23)c1,inactive,449.46000000000015,4.119490000000002,2.0,7.0,4.935542010773082
250,CHEMBL5091353,COc1ccc(OC)c(NC(=O)c2sc(=S)n3c2[nH]c(=O)c2cc(OC)c(OC)cc23)c1,inactive,473.53200000000027,3.8584900000000024,2.0,9.0,4.6020599913279625
251,CHEMBL5077392,O=C(Nc1ccc([N+](=O)[O-])cc1)c1sc(=S)n2c1[nH]c(=O)c1ccc(Cl)cc12,intermediate,432.8700000000002,4.385690000000001,2.0,7.0,5.585026652029182
252,CHEMBL5072197,COC(=O)c1ccc2c(=O)[nH]c3c(C(=O)Nc4ccc([N+](=O)[O-])cc4)sc(=S)n3c2c1,intermediate,456.4610000000001,3.5188900000000016,2.0,9.0,5.366531544420414
253,CHEMBL5087492,O=C(Nc1cc(Cl)cc(Cl)c1)c1sc(=S)n2c1[nH]c(=O)c1ccc(Cl)cc12,intermediate,456.7630000000001,5.784290000000001,2.0,5.0,5.130768280269024
254,CHEMBL5088563,O=C(Nc1cc(Cl)cc(Cl)c1)c1sc(=S)n2c1[nH]c(=O)c1cc(Br)ccc12,intermediate,501.2140000000001,5.893390000000001,2.0,5.0,5.481486060122113
255,CHEMBL5077060,COC(=O)c1ccc2c(=O)[nH]c3c(C(=O)Nc4cc(Cl)cc(Cl)c4)sc(=S)n3c2c1,intermediate,480.3540000000001,4.917490000000002,2.0,7.0,5.6020599913279625
256,CHEMBL5080313,COc1cc2c(=O)[nH]c3c(C(=O)Nc4cc(Cl)cc(Cl)c4)sc(=S)n3c2cc1OC,intermediate,482.3700000000002,5.1480900000000025,2.0,7.0,5.657577319177793
257,CHEMBL5086958,O=C(Nc1cccc(Cl)c1[N+](=O)[O-])c1sc(=S)n2c1[nH]c(=O)c1ccc(Cl)cc12,intermediate,467.3150000000001,5.0390900000000025,2.0,7.0,5.356547323513812
258,CHEMBL5082109,COC(=O)c1ccc2c(=O)[nH]c3c(C(=O)Nc4cccc(Cl)c4[N+](=O)[O-])sc(=S)n3c2c1,intermediate,490.9060000000001,4.172290000000002,2.0,9.0,5.522878745280337
259,CHEMBL5078165,CCc1ccccc1NC(=O)c1sc(=S)n2c1[nH]c(=O)c1ccc(Cl)cc12,intermediate,415.9270000000001,5.039890000000002,2.0,5.0,5.292429823902063
260,CHEMBL5087760,CCc1ccccc1NC(=O)c1sc(=S)n2c1[nH]c(=O)c1ccc(C(=O)OC)cc12,intermediate,439.5180000000002,4.173090000000003,2.0,7.0,5.494850021680094
261,CHEMBL5081445,CCc1ccccc1NC(=O)c1sc(=S)n2c1[nH]c(=O)c1cc(Br)ccc12,intermediate,460.3780000000001,5.148990000000002,2.0,5.0,5.356547323513812
262,CHEMBL5078822,CCc1ccccc1NC(=O)c1sc(=S)n2c1[nH]c(=O)c1cc(F)c(F)cc12,intermediate,417.4620000000001,4.664690000000002,2.0,5.0,5.2839966563652006
263,CHEMBL5087126,COC(=O)c1ccc2c(=O)[nH]c3c(C(=O)Nc4ccc(Cl)cc4)sc(=S)n3c2c1,intermediate,445.90900000000005,4.264090000000002,2.0,7.0,5.292429823902063
264,CHEMBL5090547,COC(=O)c1ccc2c(=O)[nH]c3c(C(=O)Nc4ccc(Cl)c(Cl)c4)sc(=S)n3c2c1,intermediate,480.3540000000001,4.917490000000002,2.0,7.0,5.161150909262744
265,CHEMBL5070379,COc1ccccc1NC(=O)c1sc(=S)n2c1[nH]c(=O)c1ccc(Br)cc12,intermediate,462.35000000000014,4.595190000000002,2.0,6.0,5.113509274827518
266,CHEMBL5090041,COc1ccc(OC)c(NC(=O)c2sc(=S)n(-c3cccc(C#N)c3)c2NC(=O)CCl)c1,intermediate,488.9780000000002,4.586770000000002,2.0,8.0,5.259637310505756
267,CHEMBL5092692,COc1ccc(OC)c(NC(=O)c2sc(=S)n(-c3cccc(C(F)(F)F)c3)c2NC(=O)CCl)c1,intermediate,531.9650000000001,5.733890000000003,2.0,7.0,5.494850021680094
268,CHEMBL5092796,COc1ccc(OC)c(NC(=O)c2sc(=S)n(-c3ccc(C(F)(F)F)cc3)c2NC(=O)CCl)c1,intermediate,531.9650000000001,5.733890000000003,2.0,7.0,5.275724130399211
269,CHEMBL5080198,COc1ccc(OC)c(NC(=O)c2sc(=S)n(-c3ccc(Cl)cc3)c2NC(=O)CCl)c1,intermediate,498.4130000000001,5.368490000000003,2.0,7.0,5.154901959985743
270,CHEMBL5083165,COc1ccc(OC)c(NC(=O)c2sc(=S)n(-c3cccc(F)c3)c2NC(=O)CCl)c1,intermediate,481.9580000000002,4.854190000000004,2.0,7.0,5.42021640338319
271,CHEMBL5088446,COc1ccc(OC)c(NC(=O)c2sc(=S)n(-c3cccc(Br)c3)c2NC(=O)CCl)c1,intermediate,542.8640000000001,5.477590000000004,2.0,7.0,5.337242168318426
272,CHEMBL5092929,O=C(Nc1cccc(F)c1)c1sc(=S)n2c1[nH]c(=O)c1ccc(Cl)cc12,intermediate,405.8630000000001,4.616590000000001,2.0,5.0,5.257274868695301
273,CHEMBL5081565,O=C(O)c1cccc(NC(=O)c2sc(=S)n3c2[nH]c(=O)c2ccc(Cl)cc23)c1,intermediate,431.8820000000001,4.175690000000001,3.0,6.0,5.077793722560983
274,CHEMBL5079555,Cc1ccccc1NC(=O)c1sc(=S)n2c1[nH]c(=O)c1ccc(Cl)cc12,inactive,401.90000000000015,4.785910000000002,2.0,5.0,4.959002307576509
275,CHEMBL5090110,Cc1ccccc1C1CCN(c2ccc(NC(=O)c3ccc(Cl)cc3)c(C(=O)O)c2)C1,inactive,434.9230000000002,5.592820000000005,2.0,3.0,4.920456992597094
276,CHEMBL5093329,COC(=O)c1ccc2c(=O)[nH]c3c(C(=O)Nc4ccc(F)cc4F)sc(=S)n3c2c1,inactive,447.4440000000001,3.8888900000000017,2.0,7.0,4.912218582190458
277,CHEMBL5094621,CC(C)c1ccc(S(=O)(=O)Nc2ccc(N3CCC(Cc4ccccc4)CC3)cc2C(=O)O)cc1,inactive,492.6410000000003,5.768100000000005,2.0,4.0,4.909389292171594
278,CHEMBL5092244,COc1cccc(CNC(=O)c2sc(=S)n3c2[nH]c(=O)c2cc(Br)ccc23)c1,inactive,476.3770000000001,4.272890000000002,2.0,6.0,4.891434976267165
279,CHEMBL5087386,COc1cccc(CNC(=O)c2sc(=S)n3c2[nH]c(=O)c2cc(Cl)ccc23)c1,inactive,431.9260000000001,4.163790000000002,2.0,6.0,4.891434976267165
280,CHEMBL5089961,Cc1ccc(S(=O)(=O)C2=C(O)C(=O)N(Cc3ccc(F)cc3)C2c2ccc(C(C)C)cc2)cc1,inactive,479.57300000000015,5.584520000000006,1.0,4.0,4.884722408604099
281,CHEMBL5090479,COC(=O)c1ccc2c(=O)[nH]c3c(C(=O)Nc4ccccc4C)sc(=S)n3c2c1,inactive,425.4910000000001,3.9191100000000025,2.0,7.0,4.837435593476981
282,CHEMBL5089168,O=C(O)c1cccc(NC(=O)c2sc(=S)n3c2[nH]c(=O)c2cc(Br)ccc23)c1,inactive,476.33300000000014,4.284790000000002,3.0,6.0,4.82739706879014
283,CHEMBL5081354,O=C(Nc1cccc(F)c1)c1sc(=S)n2c1[nH]c(=O)c1cc(Br)ccc12,inactive,450.3140000000001,4.725690000000001,2.0,5.0,4.792365632611038
284,CHEMBL5084772,Cc1ccc(NC(=O)Nc2ccc3nc(N4CCN(C)CC4)cc(C)c3c2)cc1Cl,inactive,423.9480000000002,4.900840000000004,2.0,4.0,4.779891911959945
285,CHEMBL5083225,CCc1ccccc1NC(=O)c1sc(=S)n2c1[nH]c(=O)c1cc(C)ccc12,inactive,395.5090000000001,4.694910000000003,2.0,5.0,4.733768303310106
286,CHEMBL5079377,O=C(Nc1ccccc1Cl)c1sc(=S)n2c1[nH]c(=O)c1ccccc12,inactive,387.8730000000001,4.477490000000002,2.0,5.0,4.689944262249108
287,CHEMBL5076134,Cc1ccc2c(c1)c(=O)[nH]c1c(C(=O)Nc3ccccc3C)sc(=S)n12,inactive,381.4820000000001,4.4409300000000025,2.0,5.0,4.674689628288939
288,CHEMBL5086302,O=C(NCc1ccccc1Cl)c1sc(=S)n2c1[nH]c(=O)c1cc(Br)ccc12,intermediate,480.7960000000001,4.917690000000002,2.0,5.0,5.638272163982407
289,CHEMBL5077497,Cc1ccc2c(c1)c(=O)[nH]c1c(C(=O)Nc3cc(Cl)ccc3C)sc(=S)n12,intermediate,415.92700000000013,5.094330000000002,2.0,5.0,5.468521082957745
290,CHEMBL5077724,Cc1ccc(Cl)cc1NC(=O)c1sc(=S)n2c1[nH]c(=O)c1cc3c(cc12)OCO3,intermediate,445.9090000000003,4.514610000000002,2.0,7.0,5.443697499232712
291,CHEMBL5075716,O=C(NCc1cccs1)c1sc(=S)n2c1[nH]c(=O)c1cc(Br)ccc12,intermediate,452.3800000000001,4.325790000000001,2.0,6.0,5.3872161432802645
292,CHEMBL5087748,CCOc1ccc(OCC)c(NC(=O)c2sc(=S)n3c2[nH]c(=O)c2ccc(Cl)cc23)c1,intermediate,475.9790000000001,5.274890000000003,2.0,7.0,5.327902142064283
293,CHEMBL5086946,O=C(NCc1ccco1)c1sc(=S)n2c1[nH]c(=O)c1cc(Br)ccc12,intermediate,436.3120000000001,3.8572900000000017,2.0,6.0,5.2839966563652006
294,CHEMBL5077868,O=C(NCc1ccccc1Cl)c1sc(=S)n2c1[nH]c(=O)c1cc(Cl)ccc12,intermediate,436.3450000000001,4.8085900000000015,2.0,5.0,5.275724130399211
295,CHEMBL5079622,COc1ccccc1CNC(=O)c1sc(=S)n2c1[nH]c(=O)c1cc(Cl)ccc12,intermediate,431.9260000000001,4.163790000000002,2.0,6.0,5.221848749616356
296,CHEMBL5093736,COc1ccccc1NC(=O)c1sc(=S)n2c1[nH]c(=O)c1cc(Cl)ccc12,intermediate,417.89900000000017,4.486090000000002,2.0,6.0,5.214670164989233
297,CHEMBL5094303,COC(=O)c1ccc2c(=O)[nH]c3c(C(=O)Nc4ccc(-c5ccccc5)cc4)sc(=S)n3c2c1,intermediate,487.5620000000001,5.277690000000003,2.0,7.0,5.1938200260161125
298,CHEMBL5084041,Cc1ccc(NC(=O)c2sc(=S)n3c2[nH]c(=O)c2cc(Br)ccc23)c(C)c1,intermediate,460.37800000000016,5.203430000000003,2.0,5.0,5.1938200260161125
299,CHEMBL5086532,Cc1ccc(NC(=O)c2sc(=S)n3c2[nH]c(=O)c2cc(C)ccc23)c(C)c1,intermediate,395.5090000000002,4.749350000000002,2.0,5.0,5.145086977692144
300,CHEMBL5078790,CO[C@@H](C)c1c(NC(=O)Nc2cnc(C(=O)N3CCCC3)c(Cl)c2)cnc2cc(Cl)nn12,active,478.34000000000026,4.018500000000002,2.0,7.0,8.301029995663981
301,CHEMBL5191484,FC(F)(F)c1nccc(N[C@H]2CC[C@@H](Nc3ccnc(C(F)(F)F)n3)CC2)n1,intermediate,406.3340000000001,4.139400000000002,2.0,6.0,5.657577319177793
302,CHEMBL5173518,FC(F)(F)c1nccc(N[C@H]2CC[C@@H](Nc3ccncn3)CC2)n1,inactive,338.3370000000001,3.1206000000000005,2.0,6.0,4.301029995663981
303,CHEMBL5199333,FC(F)(F)c1cccc(N[C@H]2CC[C@@H](Nc3ccnc(C(F)(F)F)n3)CC2)c1,intermediate,404.3580000000001,5.349400000000002,2.0,4.0,5.7447274948966935
304,CHEMBL5207598,FC(F)(F)c1nccc(N[C@H]2CC[C@@H](Nc3cnc4ccccc4c3)CC2)n1,intermediate,387.40900000000016,4.878800000000003,2.0,5.0,5.142667503568732
305,CHEMBL5191063,FC(F)(F)c1nccc(N[C@H]2CC[C@@H](Nc3ccc4cnccc4n3)CC2)n1,intermediate,388.39700000000016,4.273800000000001,2.0,6.0,5.1249387366083
306,CHEMBL5184632,FC(F)(F)c1nccc(N[C@H]2CC[C@@H](Nc3ncnc4sccc34)CC2)n1,intermediate,394.42600000000016,4.335300000000002,2.0,7.0,5.301029995663981
307,CHEMBL5192821,FC(F)(F)c1nccc(N[C@H]2CC[C@@H](Nc3ccc4ncc(Cl)n4n3)CC2)n1,active,411.81900000000013,4.026700000000001,2.0,7.0,6.3979400086720375
308,CHEMBL5184753,FC(F)(F)c1nccc(N[C@H]2CC[C@@H](Nc3ccc4nnc(Cl)n4n3)CC2)n1,active,412.8070000000002,3.4217000000000013,2.0,8.0,6.522878745280337
309,CHEMBL5204871,FC(F)(F)c1nccc(N[C@H]2CC[C@@H](Nc3ccc4nncn4n3)CC2)n1,inactive,378.36200000000014,2.7683,2.0,8.0,4.455931955649724
310,CHEMBL5179449,FC(F)(F)c1nccc(N[C@H]2CC[C@@H](Nc3ccc4nnc(Br)n4n3)CC2)n1,intermediate,457.25800000000015,3.530800000000001,2.0,8.0,5.958607314841775
311,CHEMBL5199890,CSc1nnc2ccc(N[C@H]3CC[C@@H](Nc4ccnc(C(F)(F)F)n4)CC3)nn12,active,424.45600000000013,3.4902000000000015,2.0,9.0,6.096910013008056
312,CHEMBL5171317,Cc1nnc2ccc(N[C@H]3CC[C@@H](Nc4ccnc(C(F)(F)F)n4)CC3)nn12,intermediate,392.38900000000007,3.076720000000001,2.0,8.0,5.327902142064283
313,CHEMBL5197648,FC(F)(F)c1nccc(N[C@H]2CC[C@@H](Nc3ccc4nnc(C5CC5)n4n3)CC2)n1,intermediate,418.42700000000025,3.6457000000000006,2.0,8.0,5.346787486224656
314,CHEMBL5204212,FC(F)(F)c1nccc(N[C@H]2CC[C@@H](Nc3ccc4nnc(C(F)(F)F)n4n3)CC2)n1,intermediate,446.35900000000015,3.7871000000000015,2.0,8.0,5.7447274948966935
315,CHEMBL5180573,Nc1nnc2ccc(N[C@H]3CC[C@@H](Nc4ccnc(C(F)(F)F)n4)CC3)nn12,inactive,393.37700000000007,2.3505000000000003,3.0,9.0,4.585026652029182
316,CHEMBL5209109,CN(c1ccc2nnc(Cl)n2n1)[C@H]1CC[C@@H](Nc2ccnc(C(F)(F)F)n2)CC1,active,426.8340000000001,3.4460000000000015,1.0,8.0,6.301029995663981
317,CHEMBL5172731,CN(c1ccnc(C(F)(F)F)n1)[C@H]1CC[C@@H](Nc2ccc3nnc(Cl)n3n2)CC1,intermediate,426.8340000000002,3.4460000000000015,1.0,8.0,5.958607314841775
318,CHEMBL5177508,FC(F)(F)c1nccc(O[C@H]2CC[C@@H](Nc3ccc4nnc(Cl)n4n3)CC2)n1,intermediate,413.7910000000001,3.388600000000001,1.0,8.0,5.920818753952375
319,CHEMBL5203767,FC(F)(F)c1nccc(N[C@H]2CC[C@@H](Oc3ccc4nnc(Cl)n4n3)CC2)n1,intermediate,413.7910000000001,3.388600000000001,1.0,8.0,5.142667503568732
320,CHEMBL5195900,FC(F)(F)c1nccc(N[C@]23CC[C@](Nc4ccc5nnc(Cl)n5n4)(CC2)CC3)n1,intermediate,438.8450000000002,3.9559000000000015,2.0,8.0,5.376750709602099
321,CHEMBL5181736,FC(F)(F)c1nccc(N2CCC(CNc3ccc4nnc(Cl)n4n3)CC2)n1,intermediate,412.8070000000002,2.915000000000001,1.0,8.0,5.214670164989233
322,CHEMBL5193497,FC(F)(F)c1nccc(NCC2CCN(c3ccc4nnc(Cl)n4n3)CC2)n1,inactive,412.8070000000002,2.915,1.0,8.0,4.638272163982407
323,CHEMBL5204915,FC(F)(F)c1nccc(NC2CCN(c3ccc4nnc(Cl)n4n3)CC2)n1,intermediate,398.78000000000014,2.6673999999999998,1.0,8.0,5.214670164989233
324,CHEMBL5182946,FC(F)(F)c1nccc(N2CCC(Nc3ccc4nnc(Cl)n4n3)CC2)n1,inactive,398.78000000000014,2.6674000000000007,1.0,8.0,4.301029995663981
325,CHEMBL5188862,FC(F)(F)c1nccc(N2CCN(c3ccc4nnc(Cl)n4n3)CC2)n1,inactive,384.7530000000001,1.9130999999999994,0.0,8.0,4.301029995663981
326,CHEMBL5189224,FC(F)(F)c1nccc(N[C@@H]2CC[C@H](Nc3ccc4nnc(Cl)n4n3)C2)n1,intermediate,398.78000000000014,3.0316,2.0,8.0,5.958607314841775
327,CHEMBL5186994,FC(F)(F)c1nccc(N[C@H]2C[C@@H](CNc3ccc4nnc(Cl)n4n3)C2)n1,inactive,398.78000000000014,2.8891,2.0,8.0,4.769551078621726
328,CHEMBL5206064,FC(F)(F)c1nccc(NC[C@H]2C[C@@H](Nc3ccc4nnc(Cl)n4n3)C2)n1,inactive,398.78000000000014,2.8891,2.0,8.0,4.7447274948966935
329,CHEMBL5201433,FC(F)(F)c1nccc(N[C@H]2C[C@@H](Nc3ccc4nnc(Cl)n4n3)C2)n1,inactive,384.7530000000001,2.6414999999999997,2.0,8.0,4.301029995663981
330,CHEMBL5170695,Clc1nnc2ccc(N[C@H]3CC[C@@H](Nc4ccncn4)CC3)nn12,inactive,344.81000000000006,2.4029000000000007,2.0,8.0,4.508638306165727
331,CHEMBL5208911,FC(F)(F)c1cccc(N[C@H]2CC[C@@H](Nc3ccc4nnc(Cl)n4n3)CC2)c1,intermediate,410.83100000000013,4.631700000000002,2.0,6.0,5.853871964321762
332,CHEMBL5177135,COc1ncc(N[C@H]2CC[C@@H](Nc3ccc4nnc(Cl)n4n3)CC2)cc1Cl,active,408.29300000000023,3.669900000000002,2.0,8.0,6.221848749616356
333,CHEMBL5187381,FC(F)(F)c1cc(N[C@H]2CC[C@@H](Nc3ccc4nnc(Cl)n4n3)CC2)ccn1,intermediate,411.81900000000013,4.026700000000002,2.0,7.0,5.823908740944319
334,CHEMBL5281129,CN(C)[C@@H](CO)CNC(=O)c1cc(-c2ccc(Cl)cc2)n(-c2ccc(Cl)cc2)n1,active,433.3390000000001,3.498400000000002,2.0,5.0,6.161150909262744
335,CHEMBL5276870,CN(C)CC(=O)NCc1cc(-c2ccc(Cl)cc2)n(-c2ccc(Cl)cc2)n1,intermediate,403.31300000000005,4.023900000000002,1.0,4.0,5.411392195257314
336,CHEMBL5279340,CN(C)[C@@H](CO)C(=O)NCc1cc(-c2ccc(Cl)cc2)n(-c2ccc(Cl)cc2)n1,intermediate,433.3390000000001,3.384800000000002,2.0,5.0,5.395665926897089
337,CHEMBL5285243,O=C(Cc1ccccc1)NCc1cc(-c2ccc(Cl)cc2)n(-c2ccc(Cl)cc2)n1,active,436.34200000000004,5.7050000000000045,1.0,3.0,6.72584215073632
338,CHEMBL5278393,CC(=O)NCc1cc(-c2ccc(Cl)cc2)n(-c2ccc(Cl)cc2)n1,intermediate,360.2440000000001,4.482200000000002,1.0,3.0,5.751291264399082
339,CHEMBL5269108,O=C(NCc1cc(-c2ccc(Cl)cc2)n(-c2ccc(Cl)cc2)n1)c1ccccc1,inactive,422.31500000000005,5.776100000000004,1.0,3.0,4.6020599913279625
340,CHEMBL5277558,O=C(CCc1ccccc1)NCc1cc(-c2ccc(Cl)cc2)n(-c2ccc(Cl)cc2)n1,active,450.3690000000001,6.095100000000005,1.0,3.0,6.581698708680254
341,CHEMBL5280747,O=C(NCc1cc(-c2ccc(Cl)cc2)n(-c2ccc(Cl)cc2)n1)C(O)c1ccccc1,active,452.34100000000007,5.195900000000004,2.0,4.0,6.798602875679548
342,CHEMBL5279448,N[C@H](C(=O)NCc1cc(-c2ccc(Cl)cc2)n(-c2ccc(Cl)cc2)n1)c1ccccc1,active,451.3570000000001,5.162300000000003,2.0,4.0,7.275724130399211
343,CHEMBL5282720,N[C@@H](C(=O)NCc1cc(-c2ccc(Cl)cc2)n(-c2ccc(Cl)cc2)n1)c1ccccc1,active,451.3570000000001,5.162300000000003,2.0,4.0,6.434152181326482
344,CHEMBL5284437,N[C@@H](Cc1ccccc1)C(=O)NCc1cc(-c2ccc(Cl)cc2)n(-c2ccc(Cl)cc2)n1,active,465.38400000000007,5.032300000000004,2.0,4.0,6.552841968657781
345,CHEMBL5290417,CN(C)[C@H](C(=O)NCc1cc(-c2ccc(Cl)cc2)n(-c2ccc(Cl)cc2)n1)c1ccccc1,active,479.4110000000002,5.765200000000005,1.0,4.0,7.275724130399211
346,CHEMBL5287958,CS(=O)(=O)N[C@H](C(=O)NCc1cc(-c2ccc(Cl)cc2)n(-c2ccc(Cl)cc2)n1)c1ccccc1,active,529.4490000000002,4.752800000000003,2.0,5.0,7.221848749616356
347,CHEMBL5286543,CC(=O)N[C@H](C(=O)NCc1cc(-c2ccc(Cl)cc2)n(-c2ccc(Cl)cc2)n1)c1ccccc1,active,493.3940000000001,5.339700000000004,2.0,4.0,7.376750709602099
348,CHEMBL5268688,CC(C)[C@H](N)C(=O)NCc1cc(-c2ccc(Cl)cc2)n(-c2ccc(Cl)cc2)n1,intermediate,417.3400000000001,4.445600000000002,2.0,4.0,5.733768303310106
349,CHEMBL5276979,CC(=O)N[C@H](C(=O)NCc1cc(-c2ccc(Cl)cc2)n(-c2ccc(Cl)cc2)n1)C(C)C,intermediate,459.3770000000001,4.623000000000004,2.0,4.0,5.686343653381969
350,CHEMBL5278620,NC(C(=O)NCc1cc(-c2ccc(Cl)cc2)n(-c2ccc(Cl)cc2)n1)c1ccccn1,active,452.3450000000001,4.557300000000002,2.0,5.0,6.6439741428068775
351,CHEMBL5282179,CC(=O)NC(C(=O)NCc1cc(-c2ccc(Cl)cc2)n(-c2ccc(Cl)cc2)n1)c1ccccn1,active,494.3820000000001,4.734700000000004,2.0,5.0,7.251811972993799
352,CHEMBL5286743,CS(=O)(=O)NCc1cc(-c2ccc(Cl)cc2)n(-c2ccc(Cl)cc2)n1,intermediate,396.29900000000015,3.8953000000000024,1.0,4.0,5.659754238432068
353,CHEMBL5269698,NC(=O)NCc1cc(-c2ccc(Cl)cc2)n(-c2ccc(Cl)cc2)n1,intermediate,361.232,4.014400000000002,2.0,3.0,5.844056982028163
354,CHEMBL5272154,N#C/N=C(\N)NCc1cc(-c2ccc(Cl)cc2)n(-c2ccc(Cl)cc2)n1,intermediate,385.2580000000001,3.731480000000002,2.0,4.0,5.799696817018415
355,CHEMBL5291278,NC(=O)/N=C(\N)NCc1cc(-c2ccc(Cl)cc2)n(-c2ccc(Cl)cc2)n1,intermediate,403.2730000000001,3.329100000000002,3.0,3.0,5.95311480916229
356,CHEMBL5283688,CC(=O)/N=C(\N)NCc1cc(-c2ccc(Cl)cc2)n(-c2ccc(Cl)cc2)n1,intermediate,402.28500000000014,3.7969000000000017,2.0,3.0,5.8124792791635365
357,CHEMBL5285346,CS(=O)(=O)/N=C(\N)NCc1cc(-c2ccc(Cl)cc2)n(-c2ccc(Cl)cc2)n1,active,438.3400000000001,3.2100000000000017,2.0,4.0,6.396855627379818
358,CHEMBL5272624,CCN/C(=N\S(C)(=O)=O)NCc1cc(-c2ccc(Cl)cc2)n(-c2ccc(Cl)cc2)n1,active,466.3940000000002,3.860800000000003,2.0,4.0,6.071604147743286
359,CHEMBL5286997,CS(=O)(=O)/N=C(/NCc1cc(-c2ccc(Cl)cc2)n(-c2ccc(Cl)cc2)n1)NCC1CC1,active,492.4320000000002,4.250900000000003,2.0,4.0,7.275724130399211
360,CHEMBL5270817,CS(=O)(=O)/N=C(\NCc1ccccc1)NCc1cc(-c2ccc(Cl)cc2)n(-c2ccc(Cl)cc2)n1,active,528.4650000000001,5.041100000000005,2.0,4.0,7.508638306165727
361,CHEMBL5278468,CS(=O)(=O)/N=C(\NCc1ccccn1)NCc1cc(-c2ccc(Cl)cc2)n(-c2ccc(Cl)cc2)n1,active,529.4530000000002,4.436100000000003,2.0,5.0,7.468521082957745
362,CHEMBL5278273,CS(=O)(=O)/N=C(\NCc1cccc(Cl)c1)NCc1cc(-c2ccc(Cl)cc2)n(-c2ccc(Cl)cc2)n1,active,562.9100000000002,5.694500000000004,2.0,4.0,7.698970004336019
363,CHEMBL5281444,CS(=O)(=O)/N=C(/NCc1cc(-c2ccc(Cl)cc2)n(-c2ccc(Cl)cc2)n1)NCc1cccs1,active,534.4940000000001,5.102600000000003,2.0,5.0,7.585026652029182
364,CHEMBL5287727,CS(=O)(=O)/N=C(/NCc1cc(-c2ccc(Cl)cc2)n(-c2ccc(Cl)cc2)n1)N[C@H](CO)c1ccccc1,active,558.4910000000002,4.574500000000003,3.0,5.0,7.346787486224656
365,CHEMBL5272551,N/C(=N\S(=O)(=O)C1CC1)NCc1cc(-c2ccc(Cl)cc2)n(-c2ccc(Cl)cc2)n1,active,464.3780000000001,3.742600000000003,2.0,4.0,6.58838029403677
366,CHEMBL5285894,N/C(=N\S(=O)(=O)C1CCCCC1)NCc1cc(-c2ccc(Cl)cc2)n(-c2ccc(Cl)cc2)n1,active,506.4590000000001,4.912900000000004,2.0,4.0,6.1180450286604
367,CHEMBL5266733,N/C(=N\S(=O)(=O)Cc1ccccc1)NCc1cc(-c2ccc(Cl)cc2)n(-c2ccc(Cl)cc2)n1,active,514.4380000000002,4.780400000000004,2.0,4.0,6.111259039317107
368,CHEMBL5276988,N/C(=N\S(=O)(=O)c1ccccc1)NCc1cc(-c2ccc(Cl)cc2)n(-c2ccc(Cl)cc2)n1,active,500.41100000000023,4.639300000000003,2.0,4.0,7.031517051446065
369,CHEMBL5267101,N/C(=N\S(=O)(=O)c1ccncc1)NCc1cc(-c2ccc(Cl)cc2)n(-c2ccc(Cl)cc2)n1,active,501.39900000000017,4.034300000000003,2.0,5.0,6.250263684430939
370,CHEMBL5266044,N/C(=N\S(=O)(=O)c1cccs1)NCc1cc(-c2ccc(Cl)cc2)n(-c2ccc(Cl)cc2)n1,active,506.4400000000002,4.700800000000003,2.0,5.0,6.603800652904264
371,CHEMBL5275402,Cn1ccc(S(=O)(=O)/N=C(\N)NCc2cc(-c3ccc(Cl)cc3)n(-c3ccc(Cl)cc3)n2)n1,active,504.40300000000013,3.3728000000000025,2.0,6.0,6.292429823902063
372,CHEMBL5290312,N/C(=N\S(=O)(=O)c1cccc(F)c1)NCc1cc(-c2ccc(Cl)cc2)n(-c2ccc(Cl)cc2)n1,active,518.4010000000002,4.778400000000003,2.0,4.0,7.251811972993799
373,CHEMBL5274033,COc1cccc(S(=O)(=O)/N=C(\N)NCc2cc(-c3ccc(Cl)cc3)n(-c3ccc(Cl)cc3)n2)c1,active,530.4370000000001,4.6479000000000035,2.0,5.0,7.221848749616356
